timestamp,light_lux,water_temp_c,ph_level,ph_voltage,ml_prediction,prob_healthy,prob_discolored,prob_diseased,image_path
2026-04-08T00:28:02,227.92,34.19,6.95,1.985,ML Error,0.0,0.0,0.0,/home/dulaygeronimo/PycharmProjects/Initial-Thesis/captured_images/ui_capture_20260408_002753.jpg
2026-04-08T01:26:38,4.17,33.44,7.0,2.001,No kangkong detected,0.0,0.0,0.0,/home/dulaygeronimo/PycharmProjects/Initial-Thesis/captured_images/ui_capture_20260408_012629.jpg
2026-04-08T01:28:09,4.17,33.44,7.02,2.007,Discolored,0.0,1.0,0.0,/home/dulaygeronimo/PycharmProjects/Initial-Thesis/captured_images/ui_capture_20260408_012753.jpg
2026-04-08T01:29:55,229.17,33.44,7.03,2.008,Diseased,0.0,0.0025,0.9975,/home/dulaygeronimo/PycharmProjects/Initial-Thesis/captured_images/ui_capture_20260408_012946.jpg
2026-04-08T01:30:29,227.92,33.5,7.03,2.007,Discolored,0.0001,0.9999,0.0,/home/dulaygeronimo/PycharmProjects/Initial-Thesis/captured_images/ui_capture_20260408_013020.jpg
2026-04-08T01:31:03,4.17,33.5,7.02,2.006,No kangkong detected,0.0,0.0,0.0,/home/dulaygeronimo/PycharmProjects/Initial-Thesis/captured_images/ui_capture_20260408_013051.jpg
2026-04-20T14:01:19,37.5,34.94,7.34,2.099,Diseased,0.0,0.0,1.0,/home/dulaygeronimo/PycharmProjects/Initial-Thesis/captured_images/ui_capture_20260420_140053.jpg
2026-04-22T00:11:00,14.17,29.62,7.27,2.077,Diseased,0.0,0.4535,0.5464,/home/dulaygeronimo/PycharmProjects/Initial-Thesis/captured_images/ui_capture_20260422_001026.jpg
2026-04-22T00:54:31,16.67,29.81,7.36,2.103,Discolored,0.0,0.981,0.0189,/home/dulaygeronimo/PycharmProjects/Initial-Thesis/captured_images/ui_capture_20260422_005423.jpg
2026-04-22T02:27:07,16.67,29.75,7.32,2.091,No kangkong detected,0.0,0.0,0.0,/home/dulaygeronimo/PycharmProjects/Initial-Thesis/captured_images/ui_capture_20260422_022532.jpg
2026-04-26T13:31:24,7.08,37.0,7.52,2.148,ML Error,0.0,0.0,0.0,/home/dulaygeronimo/PycharmProjects/Initial-Thesis/captured_images/ui_capture_20260426_133032.jpg
2026-04-26T13:39:19,7.08,37.06,7.64,2.182,ML Error,0.0,0.0,0.0,/home/dulaygeronimo/PycharmProjects/Initial-Thesis/captured_images/ui_capture_20260426_133908.jpg
2026-04-26T13:41:44,7.08,37.12,7.64,2.182,ML Error,0.0,0.0,0.0,/home/dulaygeronimo/PycharmProjects/Initial-Thesis/captured_images/ui_capture_20260426_134122.jpg
2026-04-26T13:49:20,6.67,37.12,7.64,2.183,No kangkong detected,0.0,0.0,0.0,/home/dulaygeronimo/PycharmProjects/Initial-Thesis/captured_images/ui_capture_20260426_134913.jpg
2026-04-26T13:50:23,6.67,37.19,7.64,2.182,Healthy,0.5695,0.2012,0.2293,/home/dulaygeronimo/PycharmProjects/Initial-Thesis/captured_images/ui_capture_20260426_135016.jpg
2026-04-26T13:51:26,5.83,37.19,7.61,2.174,Discolored,0.3638,0.4813,0.1548,/home/dulaygeronimo/PycharmProjects/Initial-Thesis/captured_images/ui_capture_20260426_135119.jpg
2026-04-26T14:00:30,6.67,37.19,7.53,2.151,Discolored,0.2612,0.4891,0.2498,/home/dulaygeronimo/PycharmProjects/Initial-Thesis/captured_images/ui_capture_20260426_140023.jpg
2026-04-26T14:03:58,6.67,37.25,7.62,2.178,No clear kangkong leaf detected,0.0,0.0,0.0,/home/dulaygeronimo/PycharmProjects/Initial-Thesis/captured_images/ui_capture_20260426_140351.jpg
2026-04-26T14:04:38,5.83,37.25,7.55,2.156,No clear kangkong leaf detected,0.3339,0.3191,0.3469,/home/dulaygeronimo/PycharmProjects/Initial-Thesis/captured_images/ui_capture_20260426_140431.jpg
2026-04-26T14:05:04,5.83,0.0,7.48,2.138,Discolored,0.1227,0.5938,0.2834,/home/dulaygeronimo/PycharmProjects/Initial-Thesis/captured_images/ui_capture_20260426_140454.jpg
2026-04-26T14:05:29,6.67,37.25,7.62,2.176,No clear kangkong leaf detected,0.0,0.0,0.0,/home/dulaygeronimo/PycharmProjects/Initial-Thesis/captured_images/ui_capture_20260426_140522.jpg
2026-04-26T14:05:52,6.67,37.25,7.54,2.153,No clear kangkong leaf detected,0.0,0.0,0.0,/home/dulaygeronimo/PycharmProjects/Initial-Thesis/captured_images/ui_capture_20260426_140544.jpg
2026-04-26T14:06:12,6.25,37.31,7.62,2.178,No clear kangkong leaf detected,0.0,0.0,0.0,/home/dulaygeronimo/PycharmProjects/Initial-Thesis/captured_images/ui_capture_20260426_140603.jpg
2026-04-26T14:06:36,6.67,37.31,7.59,2.17,Discolored,0.1204,0.5788,0.3008,/home/dulaygeronimo/PycharmProjects/Initial-Thesis/captured_images/ui_capture_20260426_140621.jpg
2026-04-26T14:06:58,6.25,37.31,7.63,2.18,No clear kangkong leaf detected,0.278,0.4445,0.2775,/home/dulaygeronimo/PycharmProjects/Initial-Thesis/captured_images/ui_capture_20260426_140652.jpg
2026-04-26T14:07:24,6.67,37.38,7.59,2.169,Discolored,0.1123,0.5429,0.3449,/home/dulaygeronimo/PycharmProjects/Initial-Thesis/captured_images/ui_capture_20260426_140714.jpg
2026-04-26T14:07:46,5.83,37.38,7.44,2.126,No clear kangkong leaf detected,0.0,0.0,0.0,/home/dulaygeronimo/PycharmProjects/Initial-Thesis/captured_images/ui_capture_20260426_140736.jpg
2026-04-26T14:08:31,6.25,37.38,7.45,2.128,No clear kangkong leaf detected,0.0,0.0,0.0,/home/dulaygeronimo/PycharmProjects/Initial-Thesis/captured_images/ui_capture_20260426_140821.jpg
2026-04-26T14:10:02,6.67,37.31,7.53,2.151,No clear kangkong leaf detected,0.0,0.0,0.0,/home/dulaygeronimo/PycharmProjects/Initial-Thesis/captured_images/ui_capture_20260426_140951.jpg
2026-04-26T14:19:31,6.67,37.25,7.55,2.158,Discolored,0.175,0.5705,0.2544,/home/dulaygeronimo/PycharmProjects/Initial-Thesis/captured_images/ui_capture_20260426_141923.jpg
2026-04-26T14:30:23,6.67,37.19,7.56,2.159,No clear kangkong leaf detected,0.0,0.0,0.0,/home/dulaygeronimo/PycharmProjects/Initial-Thesis/captured_images/ui_capture_20260426_143012.jpg
2026-04-26T14:30:52,6.67,37.19,7.54,2.154,No clear kangkong leaf detected,0.0,0.0,0.0,/home/dulaygeronimo/PycharmProjects/Initial-Thesis/captured_images/ui_capture_20260426_143012.jpg
2026-04-26T14:30:57,6.67,37.19,7.59,2.17,No clear kangkong leaf detected,0.0,0.0,0.0,/home/dulaygeronimo/PycharmProjects/Initial-Thesis/captured_images/ui_capture_20260426_143012.jpg
2026-04-26T14:31:34,6.67,37.25,7.53,2.153,No clear kangkong leaf detected,0.0,0.0,0.0,/home/dulaygeronimo/PycharmProjects/Initial-Thesis/captured_images/ui_capture_20260426_143012.jpg
2026-04-26T14:33:27,6.67,37.25,7.54,2.153,No clear kangkong leaf detected,0.0,0.0,0.0,/home/dulaygeronimo/PycharmProjects/Initial-Thesis/captured_images/ui_capture_20260426_143316.jpg
2026-04-26T14:41:52,6.67,37.31,7.65,2.185,No clear kangkong leaf detected,0.0,0.0,0.0,/home/dulaygeronimo/PycharmProjects/Initial-Thesis/captured_images/ui_capture_20260426_144145.jpg
2026-04-26T14:43:50,6.67,37.31,7.59,2.168,No clear kangkong leaf detected,0.0,0.0,0.0,/home/dulaygeronimo/PycharmProjects/Initial-Thesis/captured_images/ui_capture_20260426_144344.jpg
2026-04-26T14:55:35,6.67,37.38,7.56,2.161,No clear kangkong leaf detected,0.0,0.0,0.0,/home/dulaygeronimo/PycharmProjects/Initial-Thesis/captured_images/ui_capture_20260426_145527.jpg
2026-04-26T14:57:25,5.83,37.38,7.56,2.16,No clear kangkong leaf detected,0.3279,0.3092,0.363,/home/dulaygeronimo/PycharmProjects/Initial-Thesis/captured_images/ui_capture_20260426_145714.jpg
2026-04-26T15:02:34,6.67,37.38,7.61,2.175,/home/dulaygeronimo/PycharmProjects/Initial-Thesis/captured_images/ui_capture_20260426_150226.jpg,No clear kangkong leaf detected,0.0,0.0,0.0
2026-04-26T15:08:33,6.67,37.31,7.52,2.149,/home/dulaygeronimo/PycharmProjects/Initial-Thesis/captured_images/ui_capture_20260426_150823.jpg,No clear kangkong leaf detected,0.0,0.0,0.0
2026-04-26T15:14:27,6.67,37.25,7.46,2.133,No clear kangkong leaf detected,0.0,0.0,0.0,/home/dulaygeronimo/PycharmProjects/Initial-Thesis/captured_images/ui_capture_20260426_151416.jpg
2026-04-26T15:15:55,6.67,37.38,7.6,2.172,No clear kangkong leaf detected,0.0,0.0,0.0,/home/dulaygeronimo/PycharmProjects/Initial-Thesis/captured_images/ui_capture_20260426_151546.jpg
2026-04-26T15:17:34,6.67,0.0,7.52,2.147,No clear kangkong leaf detected,0.0,0.0,0.0,/home/dulaygeronimo/PycharmProjects/Initial-Thesis/captured_images/ui_capture_20260426_151723.jpg
2026-04-26T15:19:07,6.25,37.38,7.58,2.166,No clear kangkong leaf detected,0.0,0.0,0.0,/home/dulaygeronimo/PycharmProjects/Initial-Thesis/captured_images/ui_capture_20260426_151902.jpg
2026-04-26T15:22:49,5.83,37.38,7.54,2.154,Diseased,0.0996,0.313,0.5875,/home/dulaygeronimo/PycharmProjects/Initial-Thesis/captured_images/ui_capture_20260426_152237.jpg
2026-04-26T15:25:02,6.25,0.0,7.51,2.147,Discolored,0.1389,0.6678,0.1933,/home/dulaygeronimo/PycharmProjects/Initial-Thesis/captured_images/ui_capture_20260426_152452.jpg
2026-04-26T15:41:54,6.25,0.0,7.54,2.154,No clear kangkong leaf detected,0.0,0.0,0.0,/home/dulaygeronimo/PycharmProjects/Initial-Thesis/captured_images/ui_capture_20260426_154139.jpg
2026-04-26T15:42:34,6.25,37.56,7.42,2.12,No clear kangkong leaf detected,0.3794,0.2977,0.3229,/home/dulaygeronimo/PycharmProjects/Initial-Thesis/captured_images/ui_capture_20260426_154217.jpg
2026-04-26T15:43:21,6.25,37.56,7.55,2.157,No clear kangkong leaf detected,0.0,0.0,0.0,/home/dulaygeronimo/PycharmProjects/Initial-Thesis/captured_images/ui_capture_20260426_154314.jpg
2026-04-26T15:44:06,5.83,37.56,7.45,2.129,No clear kangkong leaf detected,0.0,0.0,0.0,/home/dulaygeronimo/PycharmProjects/Initial-Thesis/captured_images/ui_capture_20260426_154353.jpg
2026-04-26T15:44:27,5.83,37.56,7.63,2.179,No clear kangkong leaf detected,0.4225,0.3813,0.1963,/home/dulaygeronimo/PycharmProjects/Initial-Thesis/captured_images/ui_capture_20260426_154420.jpg
2026-04-26T15:44:53,5.42,37.56,7.42,2.12,Healthy,0.6999,0.1444,0.1557,/home/dulaygeronimo/PycharmProjects/Initial-Thesis/captured_images/ui_capture_20260426_154442.jpg
2026-04-26T18:21:31,198.75,37.12,7.28,2.081,No clear kangkong leaf detected,0.0,0.0,0.0,/home/dulaygeronimo/PycharmProjects/Initial-Thesis/captured_images/ui_capture_20260426_182117.jpg
2026-04-26T18:46:04,189.58,0.0,7.61,2.025,No clear kangkong leaf detected,0.0,0.0,0.0,/home/dulaygeronimo/PycharmProjects/Initial-Thesis/captured_images/ui_capture_20260426_184537.jpg
2026-04-26T18:47:49,190.0,30.06,7.2,1.993,No clear kangkong leaf detected,0.0,0.0,0.0,/home/dulaygeronimo/PycharmProjects/Initial-Thesis/captured_images/ui_capture_20260426_184729.jpg
2026-04-26T20:04:28,140.0,33.19,7.03,1.98,Healthy,0.8016,0.1009,0.0975,/home/dulaygeronimo/PycharmProjects/Initial-Thesis/captured_images/ui_capture_20260426_200408.jpg
2026-04-26T20:08:40,139.58,33.32,7.05,1.981,No clear kangkong leaf detected,0.0,0.0,0.0,/home/dulaygeronimo/PycharmProjects/Initial-Thesis/captured_images/ui_capture_20260426_200819.jpg
2026-04-26T20:17:11,139.58,32.94,6.88,1.968,No clear kangkong leaf detected,0.0,0.0,0.0,/home/dulaygeronimo/PycharmProjects/Initial-Thesis/captured_images/ui_capture_20260426_201659.jpg
2026-04-26T20:17:55,140.0,32.81,6.81,1.963,No clear kangkong leaf detected,0.0,0.0,0.0,/home/dulaygeronimo/PycharmProjects/Initial-Thesis/captured_images/ui_capture_20260426_201742.jpg
2026-04-26T20:18:17,139.58,32.88,6.71,1.956,No clear kangkong leaf detected,0.0,0.0,0.0,/home/dulaygeronimo/PycharmProjects/Initial-Thesis/captured_images/ui_capture_20260426_201806.jpg
2026-04-26T20:20:14,140.0,32.88,7.19,1.992,Discolored,0.1034,0.5045,0.3922,/home/dulaygeronimo/PycharmProjects/Initial-Thesis/captured_images/ui_capture_20260426_202003.jpg
2026-04-26T20:21:15,140.0,33.06,7.26,1.998,Diseased,0.1131,0.2604,0.6265,/home/dulaygeronimo/PycharmProjects/Initial-Thesis/captured_images/ui_capture_20260426_202106.jpg
2026-04-26T20:22:32,139.58,33.13,7.11,1.986,Diseased,0.1131,0.2604,0.6265,/home/dulaygeronimo/PycharmProjects/Initial-Thesis/captured_images/ui_capture_20260426_202106.jpg
2026-05-21T18:27:51,0.0,30.6,0.0,0.0,No clear kangkong leaf detected,0.0,0.0,0.0,/home/dulaygeronimo/PycharmProjects/Initial-Thesis/captured_images/ui_capture_20260521_182722.jpg
2026-05-21T18:28:47,0.0,30.92,0.0,0.0,No clear kangkong leaf detected,0.0,0.0,0.0,/home/dulaygeronimo/PycharmProjects/Initial-Thesis/captured_images/ui_capture_20260521_182826.jpg
2026-05-31T11:58:05,15.83,29.09,14.0,3.718,No clear kangkong leaf detected,0.0,0.0,0.0,/home/dulaygeronimo/PycharmProjects/Initial-Thesis/captured_images/ui_capture_20260531_115720.jpg
2026-05-31T12:03:36,16.25,28.62,14.0,3.711,Healthy,0.6831,0.116,0.2008,/home/dulaygeronimo/PycharmProjects/Initial-Thesis/captured_images/ui_capture_20260531_120308.jpg
2026-05-31T12:06:32,17.08,28.62,14.0,3.723,No clear kangkong leaf detected,0.0,0.0,0.0,/home/dulaygeronimo/PycharmProjects/Initial-Thesis/captured_images/ui_capture_20260531_120610.jpg
2026-05-31T12:07:47,25.42,29.15,14.0,3.727,No clear kangkong leaf detected,0.0,0.0,0.0,/home/dulaygeronimo/PycharmProjects/Initial-Thesis/captured_images/ui_capture_20260531_120736.jpg
2026-05-31T12:16:45,16.25,29.15,14.0,3.753,No clear kangkong leaf detected,0.0,0.0,0.0,/home/dulaygeronimo/PycharmProjects/Initial-Thesis/captured_images/ui_capture_20260531_121635.jpg
2026-06-09T16:20:34,50.83,28.83,14.0,2.846,No clear kangkong leaf detected,0.0,0.0,0.0,/home/dulaygeronimo/PycharmProjects/Initial-Thesis/captured_images/ui_capture_20260609_162021.jpg
2026-06-09T16:22:36,50.0,28.77,14.0,2.816,No clear kangkong leaf detected,0.0,0.0,0.0,/home/dulaygeronimo/PycharmProjects/Initial-Thesis/captured_images/ui_capture_20260609_162220.jpg
2026-06-09T16:28:19,71.25,28.77,14.0,2.832,No clear kangkong leaf detected,0.0,0.0,0.0,/home/dulaygeronimo/PycharmProjects/Initial-Thesis/captured_images/ui_capture_20260609_162807.jpg
2026-06-09T16:32:27,46.67,28.71,14.0,2.833,No clear kangkong leaf detected,0.0,0.0,0.0,/home/dulaygeronimo/PycharmProjects/Initial-Thesis/captured_images/ui_capture_20260609_163153.jpg
2026-06-09T17:56:27,30.42,28.33,14.0,2.992,No clear kangkong leaf detected,0.0,0.0,0.0,/home/dulaygeronimo/PycharmProjects/Initial-Thesis/captured_images/ui_capture_20260609_175620.jpg
2026-06-09T18:02:53,27.92,28.26,14.0,3.007,No clear kangkong leaf detected,0.0,0.0,0.0,/home/dulaygeronimo/PycharmProjects/Initial-Thesis/captured_images/ui_capture_20260609_180240.jpg
2026-06-09T18:08:14,0.0,28.26,14.0,2.985,No clear kangkong leaf detected,0.0,0.0,0.0,/home/dulaygeronimo/PycharmProjects/Initial-Thesis/captured_images/ui_capture_20260609_180800.jpg
2026-06-12T19:36:45,11.25,27.25,14.0,3.107,No clear kangkong leaf detected,0.0,0.0,0.0,/home/dulaygeronimo/PycharmProjects/Initial-Thesis/captured_images/ui_capture_20260612_193549.jpg
2026-06-12T19:40:35,11.25,27.76,14.0,3.078,No clear kangkong leaf detected,0.0,0.0,0.0,/home/dulaygeronimo/PycharmProjects/Initial-Thesis/captured_images/ui_capture_20260612_194024.jpg
2026-06-12T19:41:12,11.67,27.7,14.0,3.071,No clear kangkong leaf detected,0.0,0.0,0.0,/home/dulaygeronimo/PycharmProjects/Initial-Thesis/captured_images/ui_capture_20260612_194024.jpg
2026-06-12T19:52:01,29.58,32.81,9.45,2.167,Healthy,0.7053,0.2137,0.081,/home/dulaygeronimo/PycharmProjects/Initial-Thesis/captured_images/ui_capture_20260612_195130.jpg
2026-06-29T21:45:41,29.17,36.98,9.48,2.17,No clear kangkong leaf detected,0.0,0.0,0.0,/home/dulaygeronimo/PycharmProjects/Initial-Thesis/captured_images/ui_capture_20260629_214513.jpg
2026-06-29T21:46:10,28.75,36.98,9.04,2.136,No clear kangkong leaf detected,0.0,0.0,0.0,/home/dulaygeronimo/PycharmProjects/Initial-Thesis/captured_images/ui_capture_20260629_214513.jpg
2026-06-30T01:23:10,65.0,37.3,9.12,2.142,Discolored,0.123,0.5913,0.2857,/home/dulaygeronimo/PycharmProjects/Initial-Thesis/captured_images/ui_capture_20260630_012250.jpg
2026-06-30T01:56:39,63.33,37.8,9.06,2.138,Diseased,0.1366,0.2248,0.6386,/home/dulaygeronimo/PycharmProjects/Initial-Thesis/captured_images/ui_capture_20260630_015602.jpg
2026-06-30T01:58:29,63.33,37.93,8.96,2.129,Diseased,0.1516,0.1936,0.6548,/home/dulaygeronimo/PycharmProjects/Initial-Thesis/captured_images/ui_capture_20260630_015759.jpg
2026-06-30T01:59:43,63.33,38.12,9.04,2.136,Healthy,0.7671,0.1492,0.0837,/home/dulaygeronimo/PycharmProjects/Initial-Thesis/captured_images/ui_capture_20260630_015927.jpg
2026-06-30T02:01:38,63.75,38.24,9.32,2.158,Discolored,0.1152,0.5538,0.3311,/home/dulaygeronimo/PycharmProjects/Initial-Thesis/captured_images/ui_capture_20260630_020107.jpg
2026-06-30T02:11:18,67.08,37.49,8.89,2.124,Healthy,0.6631,0.2456,0.0913,/home/dulaygeronimo/PycharmProjects/Initial-Thesis/captured_images/ui_capture_20260630_021055.jpg
2026-06-30T03:39:16,55.0,38.43,8.87,2.122,Healthy,0.7875,0.1268,0.0857,/home/dulaygeronimo/PycharmProjects/Initial-Thesis/captured_images/ui_capture_20260630_033856.jpg
2026-06-30T03:51:24,24.58,38.56,9.19,2.147,Diseased,0.1217,0.1604,0.7179,/home/dulaygeronimo/PycharmProjects/Initial-Thesis/captured_images/ui_capture_20260630_035010.jpg
2026-07-01T16:26:10,529.17,29.97,7.4,2.008,Healthy,0.5483,0.2242,0.2275,/home/dulaygeronimo/PycharmProjects/Initial-Thesis/captured_images/ui_capture_20260701_162541.jpg
2026-07-01T16:37:29,343.75,30.03,7.46,2.013,Healthy,0.6896,0.1519,0.1585,/home/dulaygeronimo/PycharmProjects/Initial-Thesis/captured_images/ui_capture_20260701_163432.jpg
2026-07-01T16:53:35,280.0,30.03,7.21,1.994,Discolored,0.1302,0.6298,0.24,/home/dulaygeronimo/PycharmProjects/Initial-Thesis/captured_images/ui_capture_20260701_165217.jpg
2026-07-02T14:07:30,1152.92,30.69,7.63,2.026,Healthy,0.6229,0.1936,0.1835,/home/dulaygeronimo/PycharmProjects/Initial-Thesis/captured_images/ui_capture_20260702_140117.jpg
2026-07-02T14:17:44,1180.0,31.23,7.43,2.011,Discolored,0.1178,0.5666,0.3156,/home/dulaygeronimo/PycharmProjects/Initial-Thesis/captured_images/ui_capture_20260702_141544.jpg
2026-07-03T14:38:43,2274.17,32.37,7.09,1.985,Healthy,0.5727,0.2011,0.2262,/home/dulaygeronimo/PycharmProjects/Initial-Thesis/captured_images/ui_capture_20260703_143746.jpg
2026-07-03T14:40:53,5339.17,32.37,7.41,2.009,Discolored,0.1274,0.6165,0.2561,/home/dulaygeronimo/PycharmProjects/Initial-Thesis/captured_images/ui_capture_20260703_144021.jpg
2026-07-04T16:49:00,581.67,32.75,7.41,2.009,Healthy,0.6965,0.1935,0.1099,/home/dulaygeronimo/PycharmProjects/Initial-Thesis/captured_images/ui_capture_20260704_164815.jpg
2026-07-04T16:50:35,600.83,32.75,6.96,1.975,Discolored,0.1627,0.5101,0.3272,/home/dulaygeronimo/PycharmProjects/Initial-Thesis/captured_images/ui_capture_20260704_164956.jpg
2026-07-05T02:13:13,55.83,33.06,10.61,2.258,No clear kangkong leaf detected,0.0,0.0,0.0,/home/dulaygeronimo/PycharmProjects/Initial-Thesis/captured_images/ui_capture_20260705_021257.jpg
2026-07-05T04:31:20,0.0,33.06,9.86,2.2,Diseased,0.0043,0.1103,0.8854,/home/dulaygeronimo/PycharmProjects/Initial-Thesis/captured_images/ui_capture_20260705_043114.jpg
2026-07-05T04:37:13,0.0,33.13,9.65,2.183,Discolored,0.1779,0.5424,0.2798,/home/dulaygeronimo/PycharmProjects/Initial-Thesis/captured_images/ui_capture_20260705_043707.jpg
2026-07-05T05:18:19,0.0,33.06,10.03,2.212,Diseased,0.009,0.087,0.904,/home/dulaygeronimo/PycharmProjects/Initial-Thesis/captured_images/ui_capture_20260705_051812.jpg
2026-07-05T18:05:58,109.17,30.79,6.02,1.906,Discolored,0.3832,0.5239,0.0929,/home/dulaygeronimo/PycharmProjects/Initial-Thesis/captured_images/ui_capture_20260705_180528.jpg
2026-07-05T18:11:16,115.0,30.79,8.71,2.11,Healthy,0.8886,0.1065,0.0049,/home/dulaygeronimo/PycharmProjects/Initial-Thesis/captured_images/ui_capture_20260705_181109.jpg
2026-07-06T18:51:51,1.25,34.71,7.2,1.993,Healthy,0.9758,0.0012,0.023,/home/dulaygeronimo/PycharmProjects/Initial-Thesis/captured_images/ui_capture_20260706_185130.jpg
2026-07-06T18:53:10,0.83,34.71,7.1,1.986,Discolored,0.0007,0.9918,0.0075,/home/dulaygeronimo/PycharmProjects/Initial-Thesis/captured_images/ui_capture_20260706_185259.jpg
2026-07-06T18:56:08,5.83,34.64,7.45,2.013,Healthy,0.9815,0.0052,0.0133,/home/dulaygeronimo/PycharmProjects/Initial-Thesis/captured_images/ui_capture_20260706_185549.jpg
2026-07-07T17:49:43,475.0,0.0,8.59,1.987,Healthy,0.5208,0.436,0.0432,/home/dulaygeronimo/PycharmProjects/Initial-Thesis/captured_images/ui_capture_20260707_174920.jpg
2026-07-07T17:50:43,439.58,33.76,8.68,1.989,Healthy,0.8259,0.1587,0.0155,/home/dulaygeronimo/PycharmProjects/Initial-Thesis/captured_images/ui_capture_20260707_175036.jpg
2026-07-07T17:53:36,447.08,33.76,8.53,1.997,Healthy,0.5131,0.4432,0.0437,/home/dulaygeronimo/PycharmProjects/Initial-Thesis/captured_images/ui_capture_20260707_175326.jpg
2026-07-08T14:52:20,1330.42,30.66,8.06,1.955,Healthy,0.8901,0.1072,0.0027,/home/dulaygeronimo/PycharmProjects/Initial-Thesis/captured_images/ui_capture_20260708_145207.jpg
2026-07-08T14:53:36,1429.17,30.66,8.77,2.01,Healthy,0.5714,0.4176,0.011,/home/dulaygeronimo/PycharmProjects/Initial-Thesis/captured_images/ui_capture_20260708_145329.jpg
2026-07-08T14:54:37,1569.17,30.66,9.04,1.901,Discolored,0.3039,0.4731,0.223,/home/dulaygeronimo/PycharmProjects/Initial-Thesis/captured_images/ui_capture_20260708_145431.jpg
2026-07-09T14:02:12,2386.67,30.59,9.26,2.05,Healthy,0.6692,0.2037,0.1272,/home/dulaygeronimo/PycharmProjects/Initial-Thesis/captured_images/ui_capture_20260709_140156.jpg
2026-07-09T14:03:04,6322.08,30.51,8.13,2.055,Healthy,0.5815,0.3966,0.0219,/home/dulaygeronimo/PycharmProjects/Initial-Thesis/captured_images/ui_capture_20260709_140258.jpg
2026-07-09T14:04:27,3543.33,30.59,7.66,1.908,Healthy,0.7336,0.2576,0.0088,/home/dulaygeronimo/PycharmProjects/Initial-Thesis/captured_images/ui_capture_20260709_140421.jpg
2026-07-09T14:07:39,5897.08,30.51,8.7,2.075,Healthy,0.645,0.334,0.0209,/home/dulaygeronimo/PycharmProjects/Initial-Thesis/captured_images/ui_capture_20260709_140730.jpg
2026-07-10T13:20:08,1896.67,29.04,7.95,1.863,Healthy,0.5207,0.4641,0.0151,/home/dulaygeronimo/PycharmProjects/Initial-Thesis/captured_images/ui_capture_20260710_131955.jpg
2026-07-10T13:23:41,732.08,29.04,9.26,2.063,Healthy,0.7888,0.206,0.0053,/home/dulaygeronimo/PycharmProjects/Initial-Thesis/captured_images/ui_capture_20260710_132333.jpg
2026-07-10T13:24:40,490.83,29.04,8.9,1.999,Discolored,0.0043,0.976,0.0197,/home/dulaygeronimo/PycharmProjects/Initial-Thesis/captured_images/ui_capture_20260710_132433.jpg
2026-07-11T13:54:03,2505.0,26.49,8.49,2.02,Healthy,0.9702,0.0284,0.0014,/home/dulaygeronimo/PycharmProjects/Initial-Thesis/captured_images/ui_capture_20260710_135355.jpg
2026-07-11T13:54:56,2677.5,26.49,7.86,1.904,Healthy,0.6802,0.2962,0.0236,/home/dulaygeronimo/PycharmProjects/Initial-Thesis/captured_images/ui_capture_20260710_135449.jpg
2026-07-11T13:56:43,3094.17,26.57,8.2,1.885,Healthy,0.8093,0.1831,0.0076,/home/dulaygeronimo/PycharmProjects/Initial-Thesis/captured_images/ui_capture_20260710_135635.jpg
2026-07-12T13:10:40,1352.08,27.42,8.44,1.891,Discolored,0.1044,0.789,0.1066,/home/dulaygeronimo/PycharmProjects/Initial-Thesis/captured_images/ui_capture_20260712_131024.jpg
2026-07-12T13:13:30,1852.92,27.42,8.08,2.04,Healthy,0.8634,0.1273,0.0093,/home/dulaygeronimo/PycharmProjects/Initial-Thesis/captured_images/ui_capture_20260712_131323.jpg
2026-07-12T13:14:13,2223.75,27.42,8.5,1.893,Healthy,0.9685,0.0294,0.0022,/home/dulaygeronimo/PycharmProjects/Initial-Thesis/captured_images/ui_capture_20260712_131405.jpg
2026-07-13T13:37:35,1584.17,28.04,7.4,1.868,Healthy,0.8018,0.1942,0.004,/home/dulaygeronimo/PycharmProjects/Initial-Thesis/captured_images/ui_capture_20260713_133727.jpg
2026-07-13T13:40:19,1037.92,28.04,8.17,1.861,Healthy,0.6897,0.3059,0.0045,/home/dulaygeronimo/PycharmProjects/Initial-Thesis/captured_images/ui_capture_20260713_134012.jpg
2026-07-13T13:41:33,906.67,28.04,8.31,2.013,Discolored,0.2223,0.7214,0.0563,/home/dulaygeronimo/PycharmProjects/Initial-Thesis/captured_images/ui_capture_20260713_134127.jpg
2026-07-13T13:44:13,952.92,28.04,7.38,1.897,Discolored,0.034,0.9425,0.0235,/home/dulaygeronimo/PycharmProjects/Initial-Thesis/captured_images/ui_capture_20260713_134406.jpg
2026-07-14T12:51:05,3760.83,27.57,8.79,2.007,Healthy,0.9779,0.018,0.0041,/home/dulaygeronimo/PycharmProjects/Initial-Thesis/captured_images/ui_capture_20260714_125052.jpg
2026-07-14T12:52:30,5947.5,27.57,8.83,2.084,Healthy,0.8794,0.1128,0.0079,/home/dulaygeronimo/PycharmProjects/Initial-Thesis/captured_images/ui_capture_20260714_125221.jpg
2026-07-14T12:53:11,6072.5,27.57,8.79,1.981,Healthy,0.7597,0.2118,0.0285,/home/dulaygeronimo/PycharmProjects/Initial-Thesis/captured_images/ui_capture_20260714_125304.jpg
2026-07-15T23:18:45,6.25,30.51,9.97,2.11,Healthy,0.9501,0.0026,0.0473,/home/dulaygeronimo/PycharmProjects/Initial-Thesis/captured_images/ui_capture_20260715_231833.jpg
2026-07-15T23:19:39,5.83,30.43,10.08,2.172,Healthy,0.9881,0.0056,0.0063,/home/dulaygeronimo/PycharmProjects/Initial-Thesis/captured_images/ui_capture_20260715_231926.jpg
2026-07-15T23:20:01,5.83,30.51,9.74,2.142,Discolored,0.0135,0.7142,0.2724,/home/dulaygeronimo/PycharmProjects/Initial-Thesis/captured_images/ui_capture_20260715_231955.jpg
2026-07-16T13:33:48,3078.33,30.59,9.05,2.032,Healthy,0.7141,0.2664,0.0195,/home/dulaygeronimo/PycharmProjects/Initial-Thesis/captured_images/ui_capture_20260716_133343.jpg
2026-07-16T13:34:35,3205.0,30.59,8.68,1.992,Healthy,0.9785,0.0162,0.0053,/home/dulaygeronimo/PycharmProjects/Initial-Thesis/captured_images/ui_capture_20260716_133429.jpg
2026-07-16T13:35:38,3597.5,30.59,8.23,1.964,Discolored,0.0397,0.947,0.0133,/home/dulaygeronimo/PycharmProjects/Initial-Thesis/captured_images/ui_capture_20260716_133527.jpg
2026-07-16T13:36:33,3536.25,30.59,8.83,1.951,Healthy,0.8406,0.1428,0.0165,/home/dulaygeronimo/PycharmProjects/Initial-Thesis/captured_images/ui_capture_20260716_133626.jpg
2026-07-17T16:27:30,1228.75,32.13,8.25,1.94,Healthy,0.5941,0.1309,0.2751,/home/dulaygeronimo/PycharmProjects/Initial-Thesis/captured_images/ui_capture_20260717_162723.jpg
2026-07-17T16:29:11,1249.58,32.13,8.21,2.07,Discolored,0.0221,0.7675,0.2105,/home/dulaygeronimo/PycharmProjects/Initial-Thesis/captured_images/ui_capture_20260717_162901.jpg
2026-07-17T16:32:03,1223.75,32.06,8.21,1.962,Diseased,0.2572,0.1064,0.6363,/home/dulaygeronimo/PycharmProjects/Initial-Thesis/captured_images/ui_capture_20260717_163153.jpg
2026-07-17T16:33:56,1221.25,32.06,8.81,1.923,Healthy,0.4737,0.1961,0.3302,/home/dulaygeronimo/PycharmProjects/Initial-Thesis/captured_images/ui_capture_20260717_163341.jpg
2026-07-18T12:27:10,8427.92,30.05,8.46,1.512,Healthy,0.8624,0.0491,0.0884,/home/dulaygeronimo/PycharmProjects/Initial-Thesis/captured_images/ui_capture_20260718_122658.jpg
2026-07-18T12:30:46,3756.25,30.05,10.39,1.542,Healthy,0.4787,0.0666,0.4547,/home/dulaygeronimo/PycharmProjects/Initial-Thesis/captured_images/ui_capture_20260718_123040.jpg
2026-07-18T12:33:52,2613.33,30.05,10.44,2.281,Healthy,0.5805,0.0749,0.3446,/home/dulaygeronimo/PycharmProjects/Initial-Thesis/captured_images/ui_capture_20260718_123346.jpg
2026-07-18T12:34:44,9070.42,30.12,5.34,2.278,Healthy,0.4649,0.193,0.3422,/home/dulaygeronimo/PycharmProjects/Initial-Thesis/captured_images/ui_capture_20260718_123437.jpg
2026-07-19T13:55:32,970.0,31.05,8.67,2.001,Healthy,0.695,0.0871,0.2179,/home/dulaygeronimo/PycharmProjects/Initial-Thesis/captured_images/ui_capture_20260719_135450.jpg
2026-07-19T13:56:42,553.75,31.05,8.94,2.024,Healthy,0.7874,0.0473,0.1653,/home/dulaygeronimo/PycharmProjects/Initial-Thesis/captured_images/ui_capture_20260719_135624.jpg
2026-07-19T13:58:31,984.17,31.05,9.65,2.083,Discolored,0.0186,0.7477,0.2337,/home/dulaygeronimo/PycharmProjects/Initial-Thesis/captured_images/ui_capture_20260719_135810.jpg
2026-07-19T14:01:19,909.17,31.05,8.15,1.943,Healthy,0.7412,0.0681,0.1907,/home/dulaygeronimo/PycharmProjects/Initial-Thesis/captured_images/ui_capture_20260719_140107.jpg
2026-07-20T13:59:49,3007.08,30.51,8.45,1.925,Discolored,0.0201,0.6495,0.3305,/home/dulaygeronimo/PycharmProjects/Initial-Thesis/captured_images/ui_capture_20260720_135921.jpg
2026-07-20T14:01:27,5667.08,30.51,8.52,1.976,Healthy,0.5946,0.0973,0.308,/home/dulaygeronimo/PycharmProjects/Initial-Thesis/captured_images/ui_capture_20260720_140059.jpg
2026-07-20T14:04:37,3495.0,30.43,8.51,1.932,Healthy,0.6962,0.09,0.2138,/home/dulaygeronimo/PycharmProjects/Initial-Thesis/captured_images/ui_capture_20260720_140413.jpg
2026-07-20T14:05:23,5108.75,30.43,7.9,1.937,Healthy,0.6779,0.0804,0.2417,/home/dulaygeronimo/PycharmProjects/Initial-Thesis/captured_images/ui_capture_20260720_140501.jpg
2026-07-21T13:54:13,3007.08,31.05,7.3,1.875,Healthy,0.8975,0.0432,0.0592,/home/dulaygeronimo/PycharmProjects/Initial-Thesis/captured_images/ui_capture_20260721_135402.jpg
2026-07-21T13:55:16,2748.75,31.05,8.33,1.874,Healthy,0.7975,0.0713,0.1312,/home/dulaygeronimo/PycharmProjects/Initial-Thesis/captured_images/ui_capture_20260721_135502.jpg
2026-07-21T13:57:31,2352.5,31.05,8.39,1.978,Discolored,0.0091,0.8715,0.1193,/home/dulaygeronimo/PycharmProjects/Initial-Thesis/captured_images/ui_capture_20260721_135717.jpg
2026-07-21T13:59:31,2950.83,31.05,9.07,2.034,Discolored,0.0192,0.7605,0.2203,/home/dulaygeronimo/PycharmProjects/Initial-Thesis/captured_images/ui_capture_20260721_135912.jpg
2026-07-21T14:02:38,2416.67,30.97,7.89,1.924,Diseased,0.1753,0.245,0.5797,/home/dulaygeronimo/PycharmProjects/Initial-Thesis/captured_images/ui_capture_20260721_140221.jpg
2026-07-22T06:56:29,522.08,28.65,9.05,1.967,Healthy,0.7388,0.0583,0.203,/home/dulaygeronimo/PycharmProjects/Initial-Thesis/captured_images/ui_capture_20260722_065610.jpg
2026-07-22T06:59:58,433.75,28.65,10.62,2.072,Healthy,0.6393,0.0914,0.2692,/home/dulaygeronimo/PycharmProjects/Initial-Thesis/captured_images/ui_capture_20260722_065947.jpg
2026-07-22T07:00:43,512.5,28.65,9.02,1.972,Healthy,0.7523,0.0618,0.1859,/home/dulaygeronimo/PycharmProjects/Initial-Thesis/captured_images/ui_capture_20260722_070031.jpg
2026-07-22T07:01:28,525.83,28.65,8.55,1.987,Healthy,0.6393,0.0914,0.2692,/home/dulaygeronimo/PycharmProjects/Initial-Thesis/captured_images/ui_capture_20260722_070118.jpg
2026-07-23T14:23:48,3347.08,30.51,7.42,2.011,Healthy,0.6129,0.0918,0.2953,/home/dulaygeronimo/PycharmProjects/Initial-Thesis/captured_images/ui_capture_20260723_142329.jpg
2026-07-23T14:24:35,3327.5,30.51,8.59,1.999,Healthy,0.5281,0.1265,0.3454,/home/dulaygeronimo/PycharmProjects/Initial-Thesis/captured_images/ui_capture_20260723_142424.jpg
2026-07-23T14:25:51,2540.42,30.51,7.56,2.018,Discolored,0.0133,0.9566,0.0301,/home/dulaygeronimo/PycharmProjects/Initial-Thesis/captured_images/ui_capture_20260723_142541.jpg
2026-07-23T14:26:46,2563.33,30.51,7.57,1.965,Discolored,0.0089,0.8604,0.1306,/home/dulaygeronimo/PycharmProjects/Initial-Thesis/captured_images/ui_capture_20260723_142633.jpg
2026-07-23T14:27:49,2849.58,30.51,8.73,2.008,Healthy,0.6938,0.1574,0.1488,/home/dulaygeronimo/PycharmProjects/Initial-Thesis/captured_images/ui_capture_20260723_142737.jpg
2026-07-23T14:29:19,2252.5,30.51,8.51,1.947,Discolored,0.0117,0.8721,0.1163,/home/dulaygeronimo/PycharmProjects/Initial-Thesis/captured_images/ui_capture_20260723_142912.jpg
2026-07-24T14:23:26,1495.83,27.88,8.38,2.033,Healthy,0.6891,0.0542,0.2567,/home/dulaygeronimo/PycharmProjects/Initial-Thesis/captured_images/ui_capture_20260724_142305.jpg
2026-07-24T14:24:51,2005.42,27.88,8.5,2.03,Healthy,0.7435,0.0777,0.1787,/home/dulaygeronimo/PycharmProjects/Initial-Thesis/captured_images/ui_capture_20260724_142437.jpg
2026-07-24T14:26:37,1557.92,27.88,8.2,2.02,Healthy,0.6805,0.0959,0.2236,/home/dulaygeronimo/PycharmProjects/Initial-Thesis/captured_images/ui_capture_20260724_142626.jpg
2026-07-24T14:27:27,2037.5,27.88,8.58,2.016,Discolored,0.0121,0.7797,0.2082,/home/dulaygeronimo/PycharmProjects/Initial-Thesis/captured_images/ui_capture_20260724_142714.jpg
2026-07-24T14:28:52,1911.67,27.88,8.26,1.96,Diseased,0.1693,0.2347,0.596,/home/dulaygeronimo/PycharmProjects/Initial-Thesis/captured_images/ui_capture_20260724_142833.jpg
2026-07-25T13:12:19,1022.5,28.19,8.65,2.088,Healthy,0.6469,0.1138,0.2393,/home/dulaygeronimo/PycharmProjects/Initial-Thesis/captured_images/ui_capture_20260725_131206.jpg
2026-07-25T13:13:04,891.25,28.19,8.06,1.942,Healthy,0.6386,0.0664,0.295,/home/dulaygeronimo/PycharmProjects/Initial-Thesis/captured_images/ui_capture_20260725_131250.jpg
2026-07-25T13:14:03,1319.58,28.19,9.02,1.943,Healthy,0.5864,0.0842,0.3294,/home/dulaygeronimo/PycharmProjects/Initial-Thesis/captured_images/ui_capture_20260725_131349.jpg
2026-07-25T13:15:40,2791.25,28.27,8.95,2.044,Discolored,0.0099,0.9259,0.0643,/home/dulaygeronimo/PycharmProjects/Initial-Thesis/captured_images/ui_capture_20260725_131529.jpg
2026-07-26T09:35:50,1029.17,26.18,8.5,1.228,Healthy,0.7812,0.0788,0.14,/home/dulaygeronimo/PycharmProjects/Initial-Thesis/captured_images/ui_capture_20260726_093536.jpg
2026-07-26T09:36:48,1002.92,26.18,10.62,1.015,Healthy,0.5635,0.1341,0.3023,/home/dulaygeronimo/PycharmProjects/Initial-Thesis/captured_images/ui_capture_20260726_093638.jpg
2026-07-26T09:38:10,1616.67,26.18,8.4,3.425,Healthy,0.7976,0.0802,0.1222,/home/dulaygeronimo/PycharmProjects/Initial-Thesis/captured_images/ui_capture_20260726_093755.jpg
2026-07-26T09:39:08,1483.33,26.18,8.3,0.086,Healthy,0.4146,0.1946,0.3908,/home/dulaygeronimo/PycharmProjects/Initial-Thesis/captured_images/ui_capture_20260726_093851.jpg
2026-07-27T08:44:43,844.58,28.75,7.95,0.875,Healthy,0.7283,0.0787,0.1929,/home/dulaygeronimo/PycharmProjects/Initial-Thesis/captured_images/ui_capture_20260727_084359.jpg
2026-07-27T08:46:02,766.25,28.75,8.84,1.685,Healthy,0.7047,0.1002,0.1951,/home/dulaygeronimo/PycharmProjects/Initial-Thesis/captured_images/ui_capture_20260727_084546.jpg
2026-07-27T08:48:41,885.83,28.75,6.94,1.9,Healthy,0.6506,0.092,0.2574,/home/dulaygeronimo/PycharmProjects/Initial-Thesis/captured_images/ui_capture_20260727_084820.jpg
2026-07-27T08:50:08,927.5,28.75,8.33,1.654,Discolored,0.0131,0.7942,0.1927,/home/dulaygeronimo/PycharmProjects/Initial-Thesis/captured_images/ui_capture_20260727_084938.jpg
2026-07-28T17:04:02,13.75,30.5,8.32,1.979,Healthy,0.6148,0.0968,0.2884,/home/dulaygeronimo/PycharmProjects/Initial-Thesis/captured_images/ui_capture_20260728_165953.jpg
2026-07-28T17:06:32,22.92,30.44,7.21,1.925,Healthy,0.6303,0.1514,0.2183,/home/dulaygeronimo/PycharmProjects/Initial-Thesis/captured_images/ui_capture_20260728_170620.jpg
2026-07-28T17:07:17,22.5,30.44,6.27,1.938,Healthy,0.9287,0.0201,0.0512,/home/dulaygeronimo/PycharmProjects/Initial-Thesis/captured_images/ui_capture_20260728_170702.jpg
2026-07-28T17:08:14,28.33,30.44,8.34,1.796,Discolored,0.0154,0.8362,0.1484,/home/dulaygeronimo/PycharmProjects/Initial-Thesis/captured_images/ui_capture_20260728_170800.jpg
2026-07-29T17:36:52,89.17,27.7,8.84,1.979,Discolored,0.0616,0.8273,0.1111,/home/dulaygeronimo/PycharmProjects/Initial-Thesis/captured_images/ui_capture_20260729_173623.jpg
2026-07-29T17:39:58,49.58,27.63,8.33,1.971,Discolored,0.004,0.9105,0.0854,/home/dulaygeronimo/PycharmProjects/Initial-Thesis/captured_images/ui_capture_20260729_173941.jpg
2026-07-29T17:41:58,77.08,27.7,8.21,1.972,Healthy,0.635,0.1972,0.1678,/home/dulaygeronimo/PycharmProjects/Initial-Thesis/captured_images/ui_capture_20260729_174142.jpg
2026-07-29T17:43:20,77.5,27.7,8.15,1.98,Diseased,0.003,0.1317,0.8653,/home/dulaygeronimo/PycharmProjects/Initial-Thesis/captured_images/ui_capture_20260729_174306.jpg
2026-07-29T17:46:16,74.58,27.7,8.49,1.996,Healthy,0.6784,0.2015,0.1201,/home/dulaygeronimo/PycharmProjects/Initial-Thesis/captured_images/ui_capture_20260729_174605.jpg
2026-07-30T14:09:34,2282.5,28.77,8.59,1.969,Healthy,0.6427,0.2446,0.1127,/home/dulaygeronimo/PycharmProjects/Initial-Thesis/captured_images/ui_capture_20260730_140909.jpg
2026-07-30T14:10:29,1763.75,28.77,8.4,1.966,Discolored,0.0283,0.8487,0.1229,/home/dulaygeronimo/PycharmProjects/Initial-Thesis/captured_images/ui_capture_20260730_141011.jpg
2026-07-30T14:14:29,2502.92,28.83,8.17,1.954,Healthy,0.5251,0.3851,0.0898,/home/dulaygeronimo/PycharmProjects/Initial-Thesis/captured_images/ui_capture_20260730_141413.jpg
2026-07-30T14:15:18,2167.5,28.83,8.15,1.969,Discolored,0.0205,0.7592,0.2203,/home/dulaygeronimo/PycharmProjects/Initial-Thesis/captured_images/ui_capture_20260730_141504.jpg
2026-07-31T13:45:36,3405.83,30.98,7.7,1.948,Healthy,0.6378,0.2714,0.0907,/home/dulaygeronimo/PycharmProjects/Initial-Thesis/captured_images/ui_capture_20260731_134527.jpg
2026-07-31T13:46:12,2410.83,30.98,7.78,1.962,Healthy,0.8485,0.1224,0.0292,/home/dulaygeronimo/PycharmProjects/Initial-Thesis/captured_images/ui_capture_20260731_134604.jpg
2026-07-31T13:46:45,2664.58,30.98,7.94,1.957,Healthy,0.9133,0.0499,0.0369,/home/dulaygeronimo/PycharmProjects/Initial-Thesis/captured_images/ui_capture_20260731_134633.jpg
2026-07-31T13:47:37,2455.83,30.98,7.77,1.957,Discolored,0.005,0.853,0.142,/home/dulaygeronimo/PycharmProjects/Initial-Thesis/captured_images/ui_capture_20260731_134726.jpg
2026-07-31T13:54:26,2493.33,30.98,8.33,1.953,Healthy,0.6187,0.2758,0.1054,/home/dulaygeronimo/PycharmProjects/Initial-Thesis/captured_images/ui_capture_20260731_135420.jpg
2026-08-01T15:39:17,17.92,30.6,8.91,1.995,Healthy,0.8105,0.1478,0.0417,/home/dulaygeronimo/PycharmProjects/Initial-Thesis/captured_images/ui_capture_20260801_153857.jpg
2026-08-01T15:40:31,27.5,30.6,8.63,1.979,Healthy,0.6642,0.2034,0.1324,/home/dulaygeronimo/PycharmProjects/Initial-Thesis/captured_images/ui_capture_20260801_154019.jpg
2026-08-01T15:42:26,40.0,30.54,8.76,1.996,Healthy,0.6612,0.2368,0.102,/home/dulaygeronimo/PycharmProjects/Initial-Thesis/captured_images/ui_capture_20260801_154212.jpg
2026-08-01T15:49:27,73.33,30.48,8.75,1.996,Diseased,0.2902,0.2952,0.4146,/home/dulaygeronimo/PycharmProjects/Initial-Thesis/captured_images/ui_capture_20260801_154914.jpg
2026-08-01T15:51:49,45.0,30.41,8.68,1.99,Discolored,0.0284,0.9129,0.0587,/home/dulaygeronimo/PycharmProjects/Initial-Thesis/captured_images/ui_capture_20260801_155138.jpg
2026-08-05T10:15:14,463.33,27.44,14.0,2.199,Healthy,0.53,0.1955,0.2745,/home/dulaygeronimo/PycharmProjects/Initial-Thesis/captured_images/ui_capture_20260805_101459.jpg
2026-08-05T10:26:00,350.0,27.44,0.0,0.0,Diseased,0.2144,0.3531,0.4324,/home/dulaygeronimo/PycharmProjects/Initial-Thesis/captured_images/ui_capture_20260805_102538.jpg
2026-08-05T10:28:49,394.58,27.44,7.78,1.885,Diseased,0.0132,0.2054,0.7815,/home/dulaygeronimo/PycharmProjects/Initial-Thesis/captured_images/ui_capture_20260805_102832.jpg
2026-08-05T10:31:51,434.17,27.44,8.26,1.918,Healthy,0.5328,0.1943,0.2729,/home/dulaygeronimo/PycharmProjects/Initial-Thesis/captured_images/ui_capture_20260805_103134.jpg
2026-08-05T10:33:52,645.42,27.44,8.26,1.905,Discolored,0.0088,0.9041,0.0872,/home/dulaygeronimo/PycharmProjects/Initial-Thesis/captured_images/ui_capture_20260805_103336.jpg
